[
  {
    "id": "3f0151e6-5214-44d7-b934-80b89d6d8f5c",
    "data": [
      {
        "text": "9",
        "alias": "starttime",
        "meta": "@sys.time",
        "userDefined": true
      },
      {
        "text": " to ",
        "userDefined": false
      },
      {
        "text": "10",
        "alias": "endtime",
        "meta": "@sys.time",
        "userDefined": true
      }
    ],
    "isTemplate": false,
    "count": 0,
    "updated": 1502434082
  },
  {
    "id": "9fb94f08-b1b3-4711-ba01-a0ff85ad3a59",
    "data": [
      {
        "text": "one one one",
        "alias": "username",
        "meta": "@username",
        "userDefined": false
      }
    ],
    "isTemplate": false,
    "count": 1,
    "updated": 0
  },
  {
    "id": "29ba6362-e7ed-4285-b75e-4817443a748f",
    "data": [
      {
        "text": "222",
        "alias": "username",
        "meta": "@username",
        "userDefined": false
      }
    ],
    "isTemplate": false,
    "count": 0,
    "updated": 1502431015
  },
  {
    "id": "c62be046-fdb4-4400-a12a-5b99a71ccbfd",
    "data": [
      {
        "text": "today",
        "alias": "date",
        "meta": "@sys.date",
        "userDefined": false
      }
    ],
    "isTemplate": false,
    "count": 0,
    "updated": 1502430942
  },
  {
    "id": "2788ae19-3b44-4766-a028-31406ad2593c",
    "data": [
      {
        "text": "9 p.m",
        "alias": "starttime",
        "meta": "@sys.time",
        "userDefined": false
      },
      {
        "text": ". to ",
        "userDefined": false
      },
      {
        "text": "12 p.m.",
        "alias": "endtime",
        "meta": "@sys.time",
        "userDefined": true
      }
    ],
    "isTemplate": false,
    "count": 0,
    "updated": 1502355245
  },
  {
    "id": "a60d79e6-8551-4beb-b076-6ee0cf377cbd",
    "data": [
      {
        "text": "i need conference room",
        "userDefined": false
      }
    ],
    "isTemplate": false,
    "count": 0,
    "updated": 1502274754
  },
  {
    "id": "5d51136a-09f1-4b11-a453-8a33929e5e4b",
    "data": [
      {
        "text": " my employee id is ",
        "userDefined": false
      },
      {
        "text": "111",
        "alias": "username",
        "meta": "@username",
        "userDefined": true
      },
      {
        "text": "    and i want to book conference room on ",
        "userDefined": false
      },
      {
        "text": "16 august 2017",
        "alias": "date",
        "meta": "@sys.date",
        "userDefined": false
      },
      {
        "text": " between ",
        "userDefined": false
      },
      {
        "text": "9.30",
        "alias": "starttime",
        "meta": "@sys.time",
        "userDefined": true
      },
      {
        "text": " to ",
        "userDefined": false
      },
      {
        "text": "10.45",
        "alias": "endtime",
        "meta": "@sys.time",
        "userDefined": false
      },
      {
        "text": " for ",
        "userDefined": false
      },
      {
        "text": "4",
        "alias": "participants",
        "meta": "@sys.number",
        "userDefined": false
      },
      {
        "text": " people",
        "userDefined": false
      }
    ],
    "isTemplate": false,
    "count": 0,
    "updated": 1502272125
  },
  {
    "id": "f9e3051e-a07a-4281-8c52-2f14593dde9b",
    "data": [
      {
        "text": "15",
        "alias": "starttime",
        "meta": "@sys.time",
        "userDefined": true
      },
      {
        "text": " to ",
        "userDefined": false
      },
      {
        "text": "18",
        "alias": "endtime",
        "meta": "@sys.time",
        "userDefined": true
      },
      {
        "text": " for ",
        "userDefined": false
      },
      {
        "text": "4",
        "alias": "participants",
        "meta": "@sys.number",
        "userDefined": true
      },
      {
        "text": " people",
        "userDefined": false
      }
    ],
    "isTemplate": false,
    "count": 0,
    "updated": 1502272081
  },
  {
    "id": "55076d6f-cbfa-4876-9b64-40805b5698c4",
    "data": [
      {
        "text": "16 august",
        "alias": "date",
        "meta": "@sys.date",
        "userDefined": false
      },
      {
        "text": " from ",
        "userDefined": false
      },
      {
        "text": "15",
        "alias": "starttime",
        "meta": "@sys.time",
        "userDefined": true
      },
      {
        "text": " to ",
        "userDefined": false
      },
      {
        "text": "18",
        "alias": "endtime",
        "meta": "@sys.time",
        "userDefined": true
      },
      {
        "text": " for ",
        "userDefined": false
      },
      {
        "text": "4",
        "alias": "participants",
        "meta": "@sys.number",
        "userDefined": true
      },
      {
        "text": " people",
        "userDefined": false
      }
    ],
    "isTemplate": false,
    "count": 1,
    "updated": 1502272081
  },
  {
    "id": "579def48-1ed3-4fb3-bc26-9a5bffea5684",
    "data": [
      {
        "text": "from 2.30 to 3.30",
        "meta": "@sys.ignore",
        "userDefined": false
      }
    ],
    "isTemplate": false,
    "count": 1,
    "updated": 1502272081
  },
  {
    "id": "ba099467-1267-4bc2-81da-ae495b7304b6",
    "data": [
      {
        "text": "I am ",
        "userDefined": false
      },
      {
        "text": "geetanjali",
        "alias": "username",
        "meta": "@username",
        "userDefined": true
      },
      {
        "text": " khyale",
        "userDefined": false
      }
    ],
    "isTemplate": false,
    "count": 0,
    "updated": 1502272081
  },
  {
    "id": "fe27faa4-2d37-4add-b18c-1287ccab0376",
    "data": [
      {
        "text": "i want to book conference room",
        "userDefined": false
      }
    ],
    "isTemplate": false,
    "count": 0,
    "updated": 1502272081
  }
]