[
  {
    "value": "222",
    "synonyms": [
      "222",
      "2 to 2",
      "two two two"
    ]
  },
  {
    "value": "444",
    "synonyms": [
      "444",
      "four for four",
      "4 for 4"
    ]
  },
  {
    "value": "111",
    "synonyms": [
      "111",
      "one one one"
    ]
  },
  {
    "value": "0",
    "synonyms": [
      "0",
      "zero"
    ]
  },
  {
    "value": "1",
    "synonyms": [
      "1",
      "one"
    ]
  },
  {
    "value": "2",
    "synonyms": [
      "2",
      "two"
    ]
  },
  {
    "value": "3",
    "synonyms": [
      "3",
      "three"
    ]
  },
  {
    "value": "4",
    "synonyms": [
      "4",
      "four"
    ]
  },
  {
    "value": "5",
    "synonyms": [
      "5",
      "five"
    ]
  },
  {
    "value": "6",
    "synonyms": [
      "6",
      "six"
    ]
  },
  {
    "value": "7",
    "synonyms": [
      "7",
      "seven"
    ]
  },
  {
    "value": "8",
    "synonyms": [
      "8",
      "eight"
    ]
  },
  {
    "value": "9",
    "synonyms": [
      "9",
      "nine"
    ]
  },
  {
    "value": "10",
    "synonyms": [
      "10",
      "ten"
    ]
  },
  {
    "value": "666",
    "synonyms": [
      "666",
      "six six six",
      "6666"
    ]
  },
  {
    "value": "333",
    "synonyms": [
      "333",
      "three three three"
    ]
  },
  {
    "value": "555",
    "synonyms": [
      "555",
      "five five five"
    ]
  },
  {
    "value": "789",
    "synonyms": [
      "789"
    ]
  }
]